purchase_id,student_id,plan_id,date_start,date_end,date_refunded
2,139664,0,2020-01-27,2020-02-27,NULL
4,6366,2,2020-01-28,2021-01-28,NULL
6,24897,0,2020-01-29,2020-02-29,NULL
9,31627,0,2020-01-29,2020-02-29,NULL
10,72381,0,2020-01-31,2020-02-29,NULL
11,26416,0,2020-01-31,2020-02-29,NULL
12,4698,0,2020-01-31,2020-02-29,NULL
13,2622,2,2020-02-01,2021-02-01,NULL
14,2714,2,2020-02-01,2021-02-01,NULL
15,23694,0,2020-02-02,2020-03-02,NULL
16,2851,2,2020-02-02,2021-02-02,NULL
17,22735,0,2020-02-02,2020-03-02,NULL
18,135384,0,2020-02-03,2020-03-03,NULL
21,3755,2,2020-02-04,2021-02-04,NULL
22,3630,2,2020-02-04,2021-02-04,NULL
24,12387,0,2020-02-05,2020-03-05,NULL
25,6899,2,2020-02-05,2021-02-05,NULL
26,135382,0,2020-02-07,2020-03-07,NULL
27,135383,0,2020-02-07,2020-03-07,NULL
28,3565,2,2020-02-08,2021-02-08,NULL
29,35511,0,2020-02-08,2020-03-08,NULL
30,51952,0,2020-02-08,2020-03-08,NULL
31,9101,2,2020-02-09,2021-02-09,NULL
32,3783,2,2020-02-09,2021-02-09,NULL
33,139837,0,2020-02-10,2020-03-10,NULL
34,139836,0,2020-02-11,2020-03-11,NULL
36,139815,0,2020-02-11,2020-03-11,NULL
37,2481,2,2020-02-11,2021-02-11,NULL
38,139775,2,2020-02-11,2021-02-11,NULL
39,43313,0,2020-02-13,2020-03-13,NULL
40,5235,2,2020-02-14,2021-02-14,NULL
41,2633,2,2020-02-14,2021-02-14,NULL
42,36407,0,2020-02-14,2020-03-14,NULL
43,111756,0,2020-02-15,2020-03-15,NULL
44,109048,0,2020-02-15,2020-03-15,NULL
45,19477,2,2020-02-15,2021-02-15,NULL
46,5325,2,2020-02-15,2021-02-15,NULL
47,23811,2,2020-02-16,2021-02-16,NULL
48,94985,0,2020-02-16,2020-03-16,NULL
49,19342,2,2020-02-16,2021-02-16,NULL
50,134790,2,2020-02-17,2021-02-17,NULL
51,100885,0,2020-02-17,2020-03-17,NULL
52,2377,2,2020-02-17,2021-02-17,NULL
53,57432,0,2020-02-17,2020-03-17,NULL
54,138863,0,2020-02-17,2020-03-17,NULL
55,32002,0,2020-02-17,2020-03-17,NULL
56,2704,2,2020-02-18,2021-02-18,NULL
57,139757,0,2020-02-18,2020-03-18,NULL
58,108763,0,2020-02-18,2020-03-18,NULL
59,104986,0,2020-02-18,2020-03-18,NULL
60,135381,0,2020-02-18,2020-03-18,NULL
61,6643,0,2020-02-18,2020-03-18,NULL
62,1544,2,2020-02-18,2021-02-18,NULL
63,4685,2,2020-02-19,2021-02-19,NULL
64,134839,0,2020-02-19,2020-03-19,NULL
65,21966,0,2020-02-19,2020-03-19,NULL
66,28074,0,2020-02-19,2020-03-19,NULL
67,5339,2,2020-02-19,2021-02-19,NULL
68,14303,0,2020-02-20,2020-03-20,NULL
69,25401,0,2020-02-21,2020-03-21,NULL
70,12142,2,2020-02-21,2021-02-21,NULL
71,18240,0,2020-02-22,2020-03-22,NULL
72,8081,2,2020-02-22,2021-02-22,NULL
73,1698,2,2020-02-22,2021-02-22,NULL
74,3120,2,2020-02-22,2021-02-22,NULL
75,139312,0,2020-02-23,2020-03-23,NULL
76,22300,0,2020-02-23,2020-03-23,NULL
77,1521,2,2020-02-23,2021-02-23,NULL
78,12092,0,2020-02-24,2020-03-24,NULL
79,134798,0,2020-02-24,2020-03-24,NULL
80,134799,0,2020-02-24,2020-03-24,NULL
82,109870,0,2020-02-25,2020-03-25,NULL
83,7100,0,2020-02-25,2020-03-25,NULL
84,10194,2,2020-02-25,2021-02-25,NULL
85,14543,0,2020-02-25,2020-03-25,NULL
86,19018,0,2020-02-26,2020-03-26,NULL
87,134801,0,2020-02-26,2020-03-26,NULL
88,19784,2,2020-02-27,2021-02-27,NULL
89,32237,2,2020-02-27,2021-02-27,NULL
90,65759,2,2020-02-27,2021-02-27,NULL
91,134803,0,2020-02-27,2020-03-27,NULL
92,10131,0,2020-02-27,2020-03-27,NULL
93,34293,0,2020-02-28,2020-03-28,NULL
94,134806,0,2020-02-28,2020-03-28,NULL
95,7548,2,2020-02-28,2021-02-28,NULL
96,19979,0,2020-02-28,2020-03-28,NULL
97,24246,0,2020-02-29,2020-03-29,NULL
98,24897,0,2020-02-29,2020-03-29,NULL
99,72381,0,2020-02-29,2020-03-29,NULL
100,26416,0,2020-02-29,2020-03-29,NULL
102,31627,0,2020-02-29,2020-03-29,NULL
104,134808,0,2020-02-29,2020-03-29,NULL
105,134809,2,2020-02-29,2021-02-28,NULL
106,96894,0,2020-02-29,2020-03-29,NULL
107,134810,0,2020-03-01,2020-04-01,NULL
108,6589,2,2020-03-01,2021-03-01,NULL
109,71249,0,2020-03-01,2020-04-01,NULL
110,18222,0,2020-03-02,2020-04-02,NULL
111,23694,0,2020-03-02,2020-04-02,NULL
112,134813,0,2020-03-02,2020-04-02,NULL
113,22118,0,2020-03-02,2020-04-02,NULL
114,22735,0,2020-03-02,2020-04-02,NULL
115,134814,0,2020-03-02,2020-04-02,NULL
116,73179,0,2020-03-02,2020-04-02,NULL
117,18378,2,2020-03-02,2021-03-02,NULL
118,3969,3,2020-03-02,2026-01-16,NULL
119,134815,0,2020-03-02,2020-04-02,NULL
120,15328,2,2020-03-02,2021-03-02,NULL
121,134816,2,2020-03-02,2021-03-02,NULL
122,135384,0,2020-03-03,2020-04-03,NULL
125,134817,0,2020-03-03,2020-04-03,NULL
126,134818,2,2020-03-04,2021-03-04,NULL
127,6401,0,2020-03-04,2020-04-04,NULL
128,19391,0,2020-03-05,2020-04-05,NULL
129,12387,0,2020-03-05,2020-04-05,NULL
130,2645,2,2020-03-05,2021-03-05,NULL
131,134825,0,2020-03-05,2020-04-05,NULL
133,1924,0,2020-03-06,2020-04-06,NULL
134,13497,0,2020-03-06,2020-04-06,NULL
135,122752,2,2020-03-06,2021-03-06,NULL
136,5913,0,2020-03-06,2020-04-06,NULL
137,21449,0,2020-03-07,2020-04-07,NULL
138,135382,0,2020-03-07,2020-04-07,NULL
139,135383,0,2020-03-07,2020-04-07,NULL
140,9508,2,2020-03-07,2021-03-07,NULL
141,14806,0,2020-03-07,2020-04-07,NULL
142,26371,0,2020-03-08,2020-04-08,NULL
143,35511,0,2020-03-08,2020-04-08,NULL
144,51952,0,2020-03-08,2020-04-08,NULL
145,2609,0,2020-03-09,2020-04-09,NULL
146,1661,2,2020-03-09,2021-03-09,NULL
147,3221,0,2020-03-09,2020-04-09,NULL
148,28900,0,2020-03-10,2020-04-10,NULL
149,134833,0,2020-03-10,2020-04-10,NULL
150,134834,0,2020-03-10,2020-04-10,NULL
151,11794,0,2020-03-10,2020-04-10,NULL
153,9598,0,2020-03-11,2020-04-11,NULL
155,30122,0,2020-03-11,2020-04-11,NULL
156,18523,2,2020-03-11,2021-03-11,NULL
157,1845,2,2020-03-11,2021-03-11,NULL
158,63905,0,2020-03-13,2020-04-13,NULL
159,43313,0,2020-03-13,2020-04-13,NULL
160,6808,0,2020-03-13,2020-04-13,NULL
161,22943,0,2020-03-14,2020-04-14,NULL
162,25173,0,2020-03-14,2020-04-14,NULL
163,25173,0,2020-03-14,2020-04-14,NULL
164,111756,0,2020-03-15,2020-04-15,NULL
165,109048,0,2020-03-15,2020-04-15,NULL
166,10338,2,2020-03-15,2021-03-15,NULL
167,25243,2,2020-03-15,2021-03-15,NULL
168,94985,0,2020-03-16,2020-04-16,NULL
170,1295,2,2020-03-16,2021-03-16,NULL
171,51865,0,2020-03-16,2020-04-16,NULL
172,134840,0,2020-03-16,2020-04-16,NULL
173,31880,0,2020-03-17,2020-04-17,NULL
174,778,2,2020-03-17,2021-03-17,NULL
175,100885,0,2020-03-17,2020-04-17,NULL
176,57432,0,2020-03-17,2020-04-17,NULL
177,32002,0,2020-03-17,2020-04-17,NULL
178,16292,2,2020-03-17,2021-03-17,NULL
179,18816,0,2020-03-17,2020-04-17,NULL
180,134841,0,2020-03-17,2020-04-17,NULL
181,22660,0,2020-03-17,2020-04-17,NULL
182,134842,2,2020-03-18,2021-03-18,NULL
183,15015,2,2020-03-18,2021-03-18,NULL
184,108763,0,2020-03-18,2020-04-18,NULL
185,104986,0,2020-03-18,2020-04-18,NULL
186,135381,0,2020-03-18,2020-04-18,NULL
187,6643,0,2020-03-18,2020-04-18,NULL
188,13169,2,2020-03-19,2021-03-19,NULL
189,21966,0,2020-03-19,2020-04-19,NULL
190,28074,0,2020-03-19,2020-04-19,NULL
191,135298,3,2020-03-19,2026-01-16,NULL
192,1562,2,2020-03-20,2021-03-20,NULL
193,14303,0,2020-03-20,2020-04-20,NULL
194,2437,2,2020-03-21,2021-03-21,NULL
195,26051,0,2020-03-21,2020-04-21,NULL
196,25401,0,2020-03-21,2020-04-21,NULL
197,9444,0,2020-03-21,2020-04-21,NULL
198,18240,0,2020-03-22,2020-04-22,NULL
199,2521,3,2020-03-22,2026-01-16,NULL
200,22300,0,2020-03-23,2020-04-23,NULL
201,17885,0,2020-03-23,2020-04-23,NULL
202,9181,2,2020-03-24,2021-03-24,NULL
203,12092,0,2020-03-24,2020-04-24,NULL
204,134798,0,2020-03-24,2020-04-24,NULL
205,134928,0,2020-03-24,2020-04-24,NULL
206,109870,0,2020-03-25,2020-04-25,NULL
207,7100,0,2020-03-25,2020-04-25,NULL
208,14543,0,2020-03-25,2020-04-25,NULL
209,1206,2,2020-03-25,2021-03-25,NULL
210,25199,0,2020-03-25,2020-04-25,NULL
211,13887,2,2020-03-25,2021-03-25,NULL
212,1141,2,2020-03-26,2021-03-26,NULL
213,19018,0,2020-03-26,2020-04-26,NULL
214,3486,2,2020-03-26,2021-03-26,NULL
215,19178,2,2020-03-26,2021-03-26,NULL
216,8569,2,2020-03-26,2021-03-26,NULL
217,7552,2,2020-03-26,2021-03-26,NULL
218,13478,2,2020-03-26,2021-03-26,NULL
219,21028,0,2020-03-26,2020-04-26,NULL
220,10131,0,2020-03-27,2020-04-27,NULL
221,10171,2,2020-03-27,2021-03-27,NULL
222,10211,2,2020-03-27,2021-03-27,NULL
223,22247,0,2020-03-27,2020-04-27,NULL
224,16632,2,2020-03-28,2021-03-28,NULL
225,34293,0,2020-03-28,2020-04-28,NULL
226,19979,0,2020-03-28,2020-04-28,NULL
227,24897,0,2020-03-29,2020-04-29,NULL
228,31627,0,2020-03-29,2020-04-29,NULL
229,24246,0,2020-03-29,2020-04-29,NULL
230,72381,0,2020-03-29,2020-04-29,NULL
232,93899,2,2020-03-29,2021-03-29,NULL
233,7724,2,2020-03-29,2021-03-29,NULL
234,2088,2,2020-03-30,2021-03-30,NULL
235,4035,2,2020-03-30,2021-03-30,NULL
236,1311,2,2020-03-30,2021-03-30,NULL
237,23974,2,2020-03-31,2021-03-31,NULL
238,3321,2,2020-03-31,2021-03-31,NULL
239,2495,2,2020-03-31,2021-03-31,NULL
240,99450,2,2020-03-31,2021-03-31,NULL
241,13435,2,2020-03-31,2021-03-31,NULL
242,52147,0,2020-03-31,2020-04-30,NULL
243,6871,2,2020-03-31,2021-03-31,NULL
246,31723,2,2020-04-01,2021-04-01,NULL
247,6248,2,2020-04-01,2021-04-01,NULL
248,13289,2,2020-04-02,2021-04-02,NULL
249,4004,2,2020-04-02,2021-04-02,NULL
250,18362,2,2020-04-02,2021-04-02,NULL
251,23694,0,2020-04-02,2020-05-02,NULL
252,18222,0,2020-04-02,2020-05-02,NULL
253,135407,2,2020-04-02,2021-04-02,NULL
254,10138,2,2020-04-02,2021-04-02,NULL
255,7015,2,2020-04-02,2021-04-02,NULL
256,2130,2,2020-04-02,2021-04-02,NULL
257,2270,2,2020-04-02,2021-04-02,NULL
258,2428,2,2020-04-02,2021-04-02,NULL
259,921,2,2020-04-03,2021-04-03,NULL
260,8875,2,2020-04-03,2021-04-03,NULL
261,10555,0,2020-04-03,2020-05-03,NULL
262,1623,2,2020-04-03,2021-04-03,NULL
263,135384,0,2020-04-03,2020-05-03,NULL
266,4006,2,2020-04-03,2021-04-03,NULL
267,62446,0,2020-04-03,2020-05-03,NULL
268,2314,2,2020-04-03,2021-04-03,NULL
271,11113,2,2020-04-03,2021-04-03,NULL
272,12971,2,2020-04-03,2021-04-03,NULL
273,3514,2,2020-04-03,2021-04-03,NULL
274,30089,2,2020-04-03,2021-04-03,NULL
275,2303,0,2020-04-04,2020-05-04,NULL
276,16653,2,2020-04-04,2021-04-04,NULL
277,6261,2,2020-04-04,2021-04-04,NULL
278,90821,2,2020-04-04,2021-04-04,NULL
279,2807,2,2020-04-04,2021-04-04,NULL
280,27890,2,2020-04-04,2021-04-04,NULL
281,123487,2,2020-04-04,2021-04-04,NULL
282,1569,2,2020-04-04,2021-04-04,NULL
283,986,2,2020-04-04,2021-04-04,NULL
284,6401,0,2020-04-04,2020-05-04,NULL
285,135496,0,2020-04-04,2020-05-04,NULL
286,8734,2,2020-04-04,2021-04-04,NULL
287,7149,0,2020-04-04,2020-05-04,NULL
288,14786,2,2020-04-04,2021-04-04,NULL
289,8485,2,2020-04-04,2021-04-04,NULL
290,9051,2,2020-04-04,2021-04-04,NULL
291,1789,2,2020-04-04,2021-04-04,NULL
292,4236,2,2020-04-04,2021-04-04,NULL
293,7782,2,2020-04-05,2021-04-05,NULL
294,5684,2,2020-04-05,2021-04-05,NULL
295,134817,0,2020-04-05,2020-05-05,NULL
296,2904,2,2020-04-05,2021-04-05,NULL
297,10422,2,2020-04-05,2021-04-05,NULL
298,118305,2,2020-04-05,2021-04-05,NULL
299,12029,2,2020-04-05,2021-04-05,NULL
300,110887,2,2020-04-05,2021-04-05,NULL
301,12387,0,2020-04-05,2020-05-05,NULL
302,17554,2,2020-04-05,2021-04-05,NULL
303,4019,2,2020-04-05,2021-04-05,NULL
304,6421,2,2020-04-05,2021-04-05,NULL
305,111643,2,2020-04-05,2021-04-05,NULL
306,4833,2,2020-04-06,2021-04-06,NULL
307,1924,0,2020-04-06,2020-05-06,NULL
308,13497,0,2020-04-06,2020-05-06,NULL
309,5913,0,2020-04-06,2020-05-06,NULL
310,7881,2,2020-04-06,2021-04-06,NULL
311,9096,2,2020-04-06,2021-04-06,NULL
312,99493,2,2020-04-06,2021-04-06,NULL
313,31309,2,2020-04-07,2021-04-07,NULL
314,135383,0,2020-04-07,2020-05-07,NULL
315,14806,0,2020-04-07,2020-05-07,NULL
316,14649,2,2020-04-07,2021-04-07,NULL
317,3712,0,2020-04-07,2020-05-07,NULL
318,7452,2,2020-04-07,2021-04-07,NULL
319,4034,2,2020-04-07,2021-04-07,NULL
320,29912,0,2020-04-07,2020-05-07,NULL
321,83383,2,2020-04-07,2021-04-07,NULL
322,12242,2,2020-04-07,2021-04-07,NULL
323,60468,2,2020-04-07,2021-04-07,NULL
324,1018,2,2020-04-07,2021-04-07,NULL
325,1318,2,2020-04-07,2021-04-07,NULL
326,6252,2,2020-04-07,2021-04-07,NULL
327,24240,0,2020-04-08,2020-05-08,NULL
328,6481,2,2020-04-08,2021-04-08,NULL
329,3598,2,2020-04-08,2021-04-08,NULL
330,15498,2,2020-04-08,2021-04-08,NULL
331,11536,2,2020-04-08,2021-04-08,NULL
332,15042,2,2020-04-08,2021-04-08,NULL
333,66289,2,2020-04-08,2021-04-08,NULL
334,10167,2,2020-04-08,2021-04-08,NULL
335,51952,0,2020-04-08,2020-05-08,NULL
336,26371,0,2020-04-08,2020-05-08,NULL
337,35511,0,2020-04-08,2020-05-08,NULL
338,38354,2,2020-04-08,2021-04-08,NULL
340,1785,2,2020-04-08,2021-04-08,NULL
341,14905,2,2020-04-08,2021-04-08,NULL
342,3048,2,2020-04-08,2021-04-08,NULL
343,8622,2,2020-04-08,2021-04-08,NULL
344,140469,2,2020-04-08,2021-04-08,NULL
345,3519,2,2020-04-08,2021-04-08,NULL
346,27104,2,2020-04-08,2021-04-08,NULL
347,2852,2,2020-04-09,2021-04-09,NULL
348,101775,2,2020-04-09,2021-04-09,NULL
349,2903,2,2020-04-09,2021-04-09,NULL
350,142205,2,2020-04-09,2021-04-09,NULL
351,11032,2,2020-04-09,2021-04-09,NULL
352,4692,2,2020-04-09,2021-04-09,NULL
353,63971,2,2020-04-09,2021-04-09,NULL
354,9915,2,2020-04-09,2021-04-09,NULL
357,23268,2,2020-04-09,2021-04-09,NULL
358,23799,2,2020-04-09,2021-04-09,NULL
360,14425,2,2020-04-09,2021-04-09,NULL
361,931,2,2020-04-09,2021-04-09,NULL
364,25831,2,2020-04-09,2021-04-09,NULL
365,14525,2,2020-04-09,2021-04-09,NULL
366,19739,2,2020-04-09,2021-04-09,NULL
367,24324,2,2020-04-09,2021-04-09,NULL
369,841,2,2020-04-09,2021-04-09,NULL
371,8946,2,2020-04-09,2021-04-09,NULL
372,142220,0,2020-04-10,2020-05-10,NULL
373,1803,2,2020-04-10,2021-04-10,NULL
374,15902,2,2020-04-10,2021-04-10,NULL
375,1900,2,2020-04-10,2021-04-10,NULL
376,32205,2,2020-04-10,2021-04-10,NULL
377,2299,2,2020-04-10,2021-04-10,NULL
378,11794,0,2020-04-10,2020-05-10,NULL
379,28900,0,2020-04-10,2020-05-10,NULL
380,16529,0,2020-04-10,2020-05-10,NULL
381,22279,0,2020-04-10,2020-05-10,NULL
382,19369,2,2020-04-10,2021-04-10,NULL
383,1931,2,2020-04-10,2021-04-10,NULL
384,5676,2,2020-04-10,2021-04-10,NULL
385,4590,2,2020-04-10,2021-04-10,NULL
395,5836,2,2020-04-10,2021-04-10,NULL
396,4976,2,2020-04-11,2021-04-11,NULL
397,5655,2,2020-04-11,2021-04-11,NULL
398,2999,2,2020-04-11,2021-04-11,NULL
399,2410,2,2020-04-11,2021-04-11,NULL
400,4143,2,2020-04-11,2021-04-11,NULL
401,9598,0,2020-04-11,2020-05-11,NULL
403,1019,2,2020-04-11,2021-04-11,NULL
404,15258,2,2020-04-11,2021-04-11,NULL
405,1070,2,2020-04-11,2021-04-11,NULL
406,7848,2,2020-04-11,2021-04-11,NULL
407,9794,2,2020-04-11,2021-04-11,NULL
408,11575,2,2020-04-12,2021-04-12,NULL
409,15500,2,2020-04-12,2021-04-12,NULL
410,2685,2,2020-04-12,2021-04-12,NULL
411,3369,0,2020-04-12,2020-05-12,NULL
412,9387,0,2020-04-12,2020-05-12,NULL
413,9894,2,2020-04-12,2021-04-12,NULL
414,86545,2,2020-04-12,2021-04-12,NULL
415,4861,2,2020-04-12,2021-04-12,NULL
416,38111,2,2020-04-13,2021-04-13,NULL
417,14945,2,2020-04-13,2021-04-13,NULL
418,30122,0,2020-04-13,2020-05-13,NULL
419,13810,2,2020-04-13,2021-04-13,NULL
420,54542,2,2020-04-13,2021-04-13,NULL
421,23019,2,2020-04-13,2021-04-13,NULL
425,62960,2,2020-04-13,2021-04-13,NULL
426,6808,0,2020-04-13,2020-05-13,NULL
427,70522,2,2020-04-13,2021-04-13,NULL
428,3549,2,2020-04-13,2021-04-13,NULL
429,3939,2,2020-04-13,2021-04-13,NULL
430,9972,2,2020-04-13,2021-04-13,NULL
431,12442,2,2020-04-13,2021-04-13,NULL
432,16421,2,2020-04-13,2021-04-13,NULL
433,26958,2,2020-04-13,2021-04-13,NULL
434,34097,2,2020-04-13,2021-04-13,NULL
435,7978,2,2020-04-13,2021-04-13,NULL
436,2987,2,2020-04-13,2021-04-13,NULL
437,7521,2,2020-04-13,2021-04-13,NULL
438,20645,2,2020-04-13,2021-04-13,NULL
439,22418,2,2020-04-13,2021-04-13,NULL
440,3286,2,2020-04-13,2021-04-13,NULL
441,2868,2,2020-04-13,2021-04-13,NULL
442,8410,2,2020-04-13,2021-04-13,NULL
443,10176,2,2020-04-13,2021-04-13,NULL
444,41086,2,2020-04-13,2021-04-13,NULL
445,3996,2,2020-04-13,2021-04-13,NULL
446,2417,2,2020-04-13,2021-04-13,NULL
447,10885,2,2020-04-13,2021-04-13,NULL
448,9582,2,2020-04-13,2021-04-13,NULL
450,9128,2,2020-04-13,2021-04-13,NULL
451,20174,0,2020-04-14,2020-05-14,NULL
452,780,2,2020-04-14,2021-04-14,NULL
453,12989,2,2020-04-14,2021-04-14,NULL
454,2653,2,2020-04-14,2021-04-14,NULL
455,11920,2,2020-04-14,2021-04-14,NULL
456,19868,0,2020-04-14,2020-05-14,NULL
458,20701,2,2020-04-14,2021-04-14,NULL
459,3631,2,2020-04-14,2021-04-14,NULL
460,7381,2,2020-04-14,2021-04-14,NULL
461,25173,0,2020-04-14,2020-05-14,NULL
462,25173,0,2020-04-14,2020-05-14,NULL
463,8600,2,2020-04-14,2021-04-14,NULL
464,22943,0,2020-04-14,2020-05-14,NULL
465,13464,2,2020-04-14,2021-04-14,NULL
466,12857,2,2020-04-14,2021-04-14,NULL
467,877,2,2020-04-14,2021-04-14,NULL
468,1602,2,2020-04-14,2021-04-14,NULL
469,3618,2,2020-04-14,2021-04-14,NULL
470,3684,2,2020-04-14,2021-04-14,NULL
471,8673,2,2020-04-14,2021-04-14,NULL
472,50305,2,2020-04-14,2021-04-14,NULL
473,1935,2,2020-04-14,2021-04-14,NULL
474,36339,2,2020-04-14,2021-04-14,NULL
475,31769,0,2020-04-14,2020-05-14,NULL
476,22911,0,2020-04-14,2020-05-14,NULL
484,26601,2,2020-04-14,2021-04-14,NULL
485,31628,2,2020-04-14,2021-04-14,NULL
486,12890,2,2020-04-14,2021-04-14,NULL
487,34822,2,2020-04-14,2021-04-14,NULL
488,30944,2,2020-04-14,2021-04-14,NULL
489,12589,2,2020-04-14,2021-04-14,NULL
490,998,2,2020-04-14,2021-04-14,NULL
491,3840,2,2020-04-14,2021-04-14,NULL
492,2223,2,2020-04-14,2021-04-14,NULL
493,37860,2,2020-04-14,2021-04-14,NULL
494,2262,2,2020-04-14,2021-04-14,NULL
495,5943,2,2020-04-14,2021-04-14,NULL
496,4560,2,2020-04-14,2021-04-14,NULL
497,12159,2,2020-04-14,2021-04-14,NULL
500,1818,2,2020-04-14,2021-04-14,NULL
501,5340,2,2020-04-14,2021-04-14,NULL
502,2684,2,2020-04-14,2021-04-14,NULL
503,3858,2,2020-04-14,2021-04-14,NULL
504,25674,2,2020-04-15,2021-04-15,NULL
505,959,2,2020-04-15,2021-04-15,NULL
506,7194,0,2020-04-15,2020-05-15,NULL
507,2409,2,2020-04-15,2021-04-15,NULL
508,824,2,2020-04-15,2021-04-15,NULL
509,23287,2,2020-04-15,2021-04-15,NULL
510,2819,2,2020-04-15,2021-04-15,NULL
511,23498,2,2020-04-15,2021-04-15,NULL
512,20523,2,2020-04-15,2021-04-15,NULL
513,54946,2,2020-04-15,2021-04-15,NULL
514,89035,2,2020-04-15,2021-04-15,NULL
515,14347,2,2020-04-15,2021-04-15,NULL
516,18554,0,2020-04-15,2020-05-15,NULL
517,11661,0,2020-04-15,2020-05-15,NULL
518,7495,2,2020-04-15,2021-04-15,NULL
519,3914,2,2020-04-15,2021-04-15,NULL
520,15859,2,2020-04-15,2021-04-15,NULL
521,9380,2,2020-04-15,2021-04-15,NULL
522,5714,2,2020-04-15,2021-04-15,NULL
523,27832,0,2020-04-15,2020-05-15,NULL
524,15345,2,2020-04-15,2021-04-15,NULL
525,3160,2,2020-04-15,2021-04-15,NULL
526,4609,2,2020-04-15,2021-04-15,NULL
527,880,2,2020-04-15,2021-04-15,NULL
528,56461,2,2020-04-15,2021-04-15,NULL
529,1081,2,2020-04-15,2021-04-15,NULL
530,8874,2,2020-04-15,2021-04-15,NULL
531,5050,2,2020-04-15,2021-04-15,NULL
532,13067,2,2020-04-15,2021-04-15,NULL
533,25863,2,2020-04-15,2021-04-15,NULL
534,7994,2,2020-04-15,2021-04-15,NULL
535,1867,2,2020-04-15,2021-04-15,NULL
536,3577,2,2020-04-15,2021-04-15,NULL
537,16171,0,2020-04-15,2020-05-15,NULL
538,5704,2,2020-04-15,2021-04-15,NULL
539,954,2,2020-04-15,2021-04-15,NULL
540,16450,2,2020-04-15,2021-04-15,NULL
541,21124,2,2020-04-15,2021-04-15,NULL
542,7282,2,2020-04-15,2021-04-15,NULL
543,7334,0,2020-04-15,2020-05-15,NULL
544,3780,2,2020-04-15,2021-04-15,NULL
545,8992,2,2020-04-15,2021-04-15,NULL
546,27077,2,2020-04-15,2021-04-15,NULL
547,884,2,2020-04-15,2021-04-15,NULL
548,3012,2,2020-04-15,2021-04-15,NULL
549,19005,2,2020-04-15,2021-04-15,NULL
550,7094,2,2020-04-15,2021-04-15,NULL
551,17132,2,2020-04-15,2021-04-15,NULL
552,1363,2,2020-04-15,2021-04-15,NULL
553,7107,2,2020-04-15,2021-04-15,NULL
554,1385,2,2020-04-15,2021-04-15,NULL
555,6278,2,2020-04-15,2021-04-15,NULL
556,13223,2,2020-04-15,2021-04-15,NULL
557,10002,0,2020-04-15,2020-05-15,NULL
558,817,2,2020-04-15,2021-04-15,NULL
559,2304,2,2020-04-15,2021-04-15,NULL
560,48027,2,2020-04-16,2021-04-16,NULL
561,8825,2,2020-04-16,2021-04-16,NULL
562,26866,2,2020-04-16,2021-04-16,NULL
563,7358,2,2020-04-16,2021-04-16,NULL
564,5554,2,2020-04-16,2021-04-16,NULL
565,4220,2,2020-04-16,2021-04-16,NULL
566,973,2,2020-04-16,2021-04-16,NULL
567,9119,2,2020-04-16,2021-04-16,NULL
568,1309,2,2020-04-16,2021-04-16,NULL
569,77397,2,2020-04-16,2021-04-16,NULL
570,40507,0,2020-04-16,2020-05-16,NULL
571,17743,2,2020-04-16,2021-04-16,NULL
572,7294,2,2020-04-16,2021-04-16,NULL
573,4961,2,2020-04-16,2021-04-16,NULL
574,35740,2,2020-04-16,2021-04-16,NULL
575,2124,2,2020-04-16,2021-04-16,NULL
576,42972,2,2020-04-16,2021-04-16,NULL
577,14667,2,2020-04-16,2021-04-16,NULL
578,4506,2,2020-04-16,2021-04-16,NULL
579,8183,0,2020-04-16,2020-05-16,NULL
580,92165,2,2020-04-16,2021-04-16,NULL
581,11386,2,2020-04-16,2021-04-16,NULL
582,6935,2,2020-04-16,2021-04-16,NULL
583,22381,0,2020-04-16,2020-05-16,NULL
584,10393,0,2020-04-16,2020-05-16,NULL
585,11584,0,2020-04-16,2020-05-16,NULL
586,3529,0,2020-04-16,2020-05-16,NULL
587,6579,2,2020-04-16,2021-04-16,NULL
588,26779,0,2020-04-16,2020-05-16,NULL
589,6167,2,2020-04-16,2021-04-16,NULL
590,1474,0,2020-04-16,2020-05-16,NULL
591,42992,2,2020-04-16,2021-04-16,NULL
592,20186,0,2020-04-16,2020-05-16,NULL
593,27283,0,2020-04-16,2020-05-16,NULL
594,1820,2,2020-04-16,2021-04-16,NULL
595,41807,0,2020-04-16,2020-05-16,NULL
596,4164,2,2020-04-16,2021-04-16,NULL
598,51865,0,2020-04-16,2020-05-16,NULL
599,134840,0,2020-04-16,2020-05-16,NULL
600,19389,0,2020-04-16,2020-05-16,NULL
601,2906,2,2020-04-16,2021-04-16,NULL
602,35655,2,2020-04-16,2021-04-16,NULL
603,33741,0,2020-04-16,2020-05-16,NULL
604,6281,2,2020-04-16,2021-04-16,NULL
606,4903,2,2020-04-16,2021-04-16,NULL
607,9252,2,2020-04-16,2021-04-16,NULL
608,42582,0,2020-04-16,2020-05-16,NULL
609,14101,2,2020-04-16,2021-04-16,NULL
610,62892,2,2020-04-16,2021-04-16,NULL
611,15463,2,2020-04-16,2021-04-16,NULL
612,32128,0,2020-04-16,2020-05-16,NULL
613,8863,2,2020-04-16,2021-04-16,NULL
614,1482,2,2020-04-16,2021-04-16,NULL
615,31760,2,2020-04-16,2021-04-16,NULL
616,31071,0,2020-04-16,2020-05-16,NULL
617,26831,0,2020-04-16,2020-05-16,NULL
618,28237,0,2020-04-16,2020-05-16,NULL
619,39829,2,2020-04-16,2021-04-16,NULL
620,11510,0,2020-04-16,2020-05-16,NULL
621,2636,2,2020-04-16,2021-04-16,NULL
622,12241,2,2020-04-16,2021-04-16,NULL
623,42126,0,2020-04-16,2020-05-16,NULL
624,26806,0,2020-04-16,2020-05-16,NULL
625,6155,2,2020-04-16,2021-04-16,NULL
626,23162,2,2020-04-16,2021-04-16,NULL
627,5838,2,2020-04-16,2021-04-16,NULL
628,26922,2,2020-04-16,2021-04-16,NULL
629,10504,2,2020-04-16,2021-04-16,NULL
631,7976,2,2020-04-16,2021-04-16,NULL
632,5993,2,2020-04-16,2021-04-16,NULL
633,7449,2,2020-04-16,2021-04-16,NULL
634,60729,2,2020-04-16,2021-04-16,NULL
635,79353,2,2020-04-16,2021-04-16,NULL
636,26949,0,2020-04-16,2020-05-16,NULL
637,1361,0,2020-04-16,2020-05-16,NULL
638,2236,2,2020-04-16,2021-04-16,NULL
639,18810,0,2020-04-16,2020-05-16,NULL
640,5405,2,2020-04-16,2021-04-16,NULL
641,1913,2,2020-04-16,2021-04-16,NULL
642,2002,2,2020-04-16,2021-04-16,NULL
643,2962,2,2020-04-16,2021-04-16,NULL
644,10489,2,2020-04-16,2021-04-16,NULL
645,1784,2,2020-04-16,2021-04-16,NULL
646,41613,2,2020-04-16,2021-04-16,NULL
647,11800,2,2020-04-16,2021-04-16,NULL
648,2894,2,2020-04-16,2021-04-16,NULL
649,2641,2,2020-04-16,2021-04-16,NULL
650,24606,0,2020-04-16,2020-05-16,NULL
651,26434,0,2020-04-16,2020-05-16,NULL
652,3016,0,2020-04-16,2020-05-16,NULL
653,9110,2,2020-04-16,2021-04-16,NULL
654,20635,2,2020-04-16,2021-04-16,NULL
655,11365,2,2020-04-16,2021-04-16,NULL
656,41462,2,2020-04-16,2021-04-16,NULL
657,36981,0,2020-04-16,2020-05-16,NULL
658,11128,2,2020-04-16,2021-04-16,NULL
659,41451,2,2020-04-16,2021-04-16,NULL
660,9036,2,2020-04-16,2021-04-16,NULL
661,1888,2,2020-04-16,2021-04-16,NULL
662,1599,2,2020-04-16,2021-04-16,NULL
663,10938,2,2020-04-16,2021-04-16,NULL
664,16566,0,2020-04-16,2020-05-16,NULL
665,21205,0,2020-04-16,2020-05-16,NULL
666,41358,2,2020-04-16,2021-04-16,NULL
667,1597,2,2020-04-16,2021-04-16,NULL
668,3496,2,2020-04-16,2021-04-16,NULL
669,23096,0,2020-04-16,2020-05-16,NULL
670,16646,0,2020-04-16,2020-05-16,NULL
671,14549,2,2020-04-16,2021-04-16,NULL
672,9428,0,2020-04-16,2020-05-16,NULL
673,26497,0,2020-04-16,2020-05-16,NULL
674,1141,2,2020-04-16,2021-04-16,NULL
675,10555,0,2020-04-16,2020-05-16,NULL
676,33269,2,2020-04-16,2021-04-16,NULL
678,32294,2,2020-04-16,2021-04-16,NULL
679,18302,2,2020-04-16,2021-04-16,NULL
680,967,2,2020-04-16,2021-04-16,NULL
681,7912,2,2020-04-16,2021-04-16,NULL
682,971,2,2020-04-16,2021-04-16,NULL
683,11793,2,2020-04-16,2021-04-16,NULL
684,2297,2,2020-04-16,2021-04-16,NULL
685,41052,0,2020-04-16,2020-05-16,NULL
687,3420,2,2020-04-16,2021-04-16,NULL
688,4837,0,2020-04-16,2020-05-16,NULL
689,2242,2,2020-04-16,2021-04-16,NULL
690,9988,2,2020-04-16,2021-04-16,NULL
691,99177,2,2020-04-16,2021-04-16,NULL
693,11327,2,2020-04-16,2021-04-16,NULL
694,6696,2,2020-04-16,2021-04-16,NULL
695,40943,2,2020-04-16,2021-04-16,NULL
696,35943,2,2020-04-16,2021-04-16,NULL
697,40889,0,2020-04-16,2020-05-16,NULL
698,2284,2,2020-04-16,2021-04-16,NULL
699,40865,2,2020-04-16,2021-04-16,NULL
700,1280,2,2020-04-16,2021-04-16,NULL
701,6952,2,2020-04-16,2021-04-16,NULL
702,5450,2,2020-04-16,2021-04-16,NULL
703,3897,2,2020-04-16,2021-04-16,NULL
704,3483,2,2020-04-16,2021-04-16,NULL
705,4606,2,2020-04-16,2021-04-16,NULL
706,25408,2,2020-04-16,2021-04-16,NULL
707,16716,0,2020-04-16,2020-05-16,NULL
708,17524,2,2020-04-16,2021-04-16,NULL
709,15635,0,2020-04-16,2020-05-16,NULL
710,22288,2,2020-04-17,2021-04-17,NULL
711,23487,0,2020-04-17,2020-05-17,NULL
712,3086,2,2020-04-17,2021-04-17,NULL
713,21615,0,2020-04-17,2020-05-17,NULL
714,29273,2,2020-04-17,2021-04-17,NULL
715,35160,2,2020-04-17,2021-04-17,NULL
716,27098,2,2020-04-17,2021-04-17,NULL
717,69139,2,2020-04-17,2021-04-17,NULL
718,18770,2,2020-04-17,2021-04-17,NULL
719,9061,2,2020-04-17,2021-04-17,NULL
721,63171,2,2020-04-17,2021-04-17,NULL
722,31110,0,2020-04-17,2020-05-17,NULL
723,2243,2,2020-04-17,2021-04-17,NULL
724,17678,2,2020-04-17,2021-04-17,NULL
725,1897,2,2020-04-17,2021-04-17,NULL
726,2300,2,2020-04-17,2021-04-17,NULL
727,100885,0,2020-04-17,2020-05-17,NULL
728,32002,0,2020-04-17,2020-05-17,NULL
729,2855,2,2020-04-17,2021-04-17,NULL
730,3753,0,2020-04-17,2020-05-17,NULL
731,4629,2,2020-04-17,2021-04-17,NULL
732,31880,0,2020-04-17,2020-05-17,NULL
733,35416,0,2020-04-17,2020-05-17,NULL
734,18816,0,2020-04-17,2020-05-17,NULL
735,134841,0,2020-04-17,2020-05-17,NULL
736,1636,2,2020-04-17,2021-04-17,NULL
737,19410,0,2020-04-17,2020-05-17,NULL
738,3874,2,2020-04-17,2021-04-17,NULL
739,20590,0,2020-04-17,2020-05-17,NULL
740,56674,2,2020-04-17,2021-04-17,NULL
741,3320,2,2020-04-17,2021-04-17,NULL
742,39426,2,2020-04-17,2021-04-17,NULL
743,27833,0,2020-04-17,2020-05-17,NULL
744,10718,2,2020-04-17,2021-04-17,NULL
745,23942,0,2020-04-17,2020-05-17,NULL
746,8973,2,2020-04-17,2021-04-17,NULL
747,11245,2,2020-04-17,2021-04-17,NULL
749,5178,2,2020-04-17,2021-04-17,NULL
750,7678,2,2020-04-17,2021-04-17,NULL
751,7539,0,2020-04-17,2020-05-17,NULL
752,1028,2,2020-04-17,2021-04-17,NULL
753,3974,2,2020-04-17,2021-04-17,NULL
754,6376,2,2020-04-17,2021-04-17,NULL
755,25992,2,2020-04-17,2021-04-17,NULL
756,1235,2,2020-04-17,2021-04-17,NULL
757,58539,2,2020-04-17,2021-04-17,NULL
758,27847,2,2020-04-17,2021-04-17,NULL
759,39132,0,2020-04-17,2020-05-17,NULL
760,5297,2,2020-04-17,2021-04-17,NULL
761,5749,2,2020-04-17,2021-04-17,NULL
762,13644,2,2020-04-17,2021-04-17,NULL
763,6788,2,2020-04-17,2021-04-17,NULL
764,25151,0,2020-04-17,2020-05-17,NULL
765,1799,2,2020-04-17,2021-04-17,NULL
766,2996,2,2020-04-17,2021-04-17,NULL
767,7306,2,2020-04-17,2021-04-17,NULL
768,65354,2,2020-04-17,2021-04-17,NULL
769,9513,2,2020-04-17,2021-04-17,NULL
770,10285,2,2020-04-17,2021-04-17,NULL
771,2271,2,2020-04-17,2021-04-17,NULL
772,9658,2,2020-04-17,2021-04-17,NULL
773,8494,2,2020-04-17,2021-04-17,NULL
774,17050,2,2020-04-17,2021-04-17,NULL
775,32583,0,2020-04-17,2020-05-17,NULL
776,106259,2,2020-04-17,2021-04-17,NULL
778,16914,2,2020-04-17,2021-04-17,NULL
779,10243,0,2020-04-17,2020-05-17,NULL
780,1747,2,2020-04-18,2021-04-18,NULL
781,9552,2,2020-04-18,2021-04-18,NULL
782,7540,2,2020-04-18,2021-04-18,NULL
783,16751,2,2020-04-18,2021-04-18,NULL
784,10856,2,2020-04-18,2021-04-18,NULL
785,9952,0,2020-04-18,2020-05-18,NULL
786,11215,2,2020-04-18,2021-04-18,NULL
787,18980,0,2020-04-18,2020-05-18,NULL
788,19268,2,2020-04-18,2021-04-18,NULL
789,104569,2,2020-04-18,2021-04-18,NULL
790,13383,2,2020-04-18,2021-04-18,NULL
791,19074,2,2020-04-18,2021-04-18,NULL
792,9070,2,2020-04-18,2021-04-18,NULL
793,38706,0,2020-04-18,2020-05-18,NULL
794,3425,2,2020-04-18,2021-04-18,NULL
795,4042,2,2020-04-18,2021-04-18,NULL
796,5186,2,2020-04-18,2021-04-18,NULL
797,7893,0,2020-04-18,2020-05-18,NULL
798,3860,0,2020-04-18,2020-05-18,NULL
799,2004,2,2020-04-18,2021-04-18,NULL
800,6643,0,2020-04-18,2020-05-18,NULL
801,23606,0,2020-04-18,2020-05-18,NULL
802,10658,2,2020-04-18,2021-04-18,NULL
803,135381,0,2020-04-18,2020-05-18,NULL
804,25211,0,2020-04-18,2020-05-18,NULL
805,23504,2,2020-04-18,2021-04-18,NULL
806,8967,2,2020-04-18,2021-04-18,NULL
807,10131,2,2020-04-18,2021-04-18,NULL
808,4318,2,2020-04-18,2021-04-18,NULL
809,21969,0,2020-04-18,2020-05-18,NULL
810,38382,2,2020-04-18,2021-04-18,NULL
811,11628,2,2020-04-18,2021-04-18,NULL
812,9018,2,2020-04-18,2021-04-18,NULL
813,2338,2,2020-04-18,2021-04-18,NULL
814,709,2,2020-04-18,2021-04-18,NULL
815,10966,2,2020-04-18,2021-04-18,NULL
816,3995,2,2020-04-18,2021-04-18,NULL
817,18286,2,2020-04-18,2021-04-18,NULL
818,37039,0,2020-04-18,2020-05-18,NULL
819,7062,2,2020-04-18,2021-04-18,NULL
820,3426,2,2020-04-18,2021-04-18,NULL
821,1369,2,2020-04-18,2021-04-18,NULL
822,24641,2,2020-04-18,2021-04-18,NULL
823,38066,2,2020-04-18,2021-04-18,NULL
824,2146,2,2020-04-18,2021-04-18,NULL
825,2589,2,2020-04-18,2021-04-18,NULL
826,8584,2,2020-04-18,2021-04-18,NULL
827,139328,2,2020-04-18,2021-04-18,NULL
828,6397,2,2020-04-18,2021-04-18,NULL
829,16414,2,2020-04-18,2021-04-18,NULL
830,1306,2,2020-04-18,2021-04-18,NULL
831,22691,0,2020-04-18,2020-05-18,NULL
832,9260,2,2020-04-18,2021-04-18,NULL
833,3583,2,2020-04-18,2021-04-18,NULL
834,21824,0,2020-04-18,2020-05-18,NULL
835,18620,2,2020-04-18,2021-04-18,NULL
836,6618,2,2020-04-18,2021-04-18,NULL
837,16259,2,2020-04-18,2021-04-18,NULL
838,10768,2,2020-04-18,2021-04-18,NULL
839,8005,2,2020-04-18,2021-04-18,NULL
840,34003,2,2020-04-18,2021-04-18,NULL
841,18123,2,2020-04-18,2021-04-18,NULL
842,6604,2,2020-04-18,2021-04-18,NULL
843,838,2,2020-04-19,2021-04-19,NULL
844,13961,0,2020-04-19,2020-05-19,NULL
845,13475,2,2020-04-19,2021-04-19,NULL
846,3513,2,2020-04-19,2021-04-19,NULL
847,2063,2,2020-04-19,2021-04-19,NULL
848,2094,2,2020-04-19,2021-04-19,NULL
849,6560,2,2020-04-19,2021-04-19,NULL
850,30719,2,2020-04-19,2021-04-19,NULL
851,15318,2,2020-04-19,2021-04-19,NULL
852,26306,0,2020-04-19,2020-05-19,NULL
853,3539,2,2020-04-19,2021-04-19,NULL
854,18732,0,2020-04-19,2020-05-19,NULL
855,8031,2,2020-04-19,2021-04-19,NULL
856,38637,2,2020-04-19,2021-04-19,NULL
857,13602,2,2020-04-19,2021-04-19,NULL
858,8478,2,2020-04-19,2021-04-19,NULL
859,26301,0,2020-04-19,2020-05-19,NULL
860,4230,2,2020-04-19,2021-04-19,NULL
861,5167,2,2020-04-19,2021-04-19,NULL
862,5299,2,2020-04-19,2021-04-19,NULL
863,21966,0,2020-04-19,2020-05-19,NULL
864,28074,0,2020-04-19,2020-05-19,NULL
865,12774,0,2020-04-19,2020-05-19,NULL
866,17747,2,2020-04-19,2021-04-19,NULL
867,30880,2,2020-04-19,2021-04-19,NULL
868,2688,2,2020-04-19,2021-04-19,NULL
869,5834,2,2020-04-19,2021-04-19,NULL
870,25622,0,2020-04-19,2020-05-19,NULL
871,3611,2,2020-04-19,2021-04-19,NULL
872,4464,2,2020-04-19,2021-04-19,NULL
873,36460,2,2020-04-19,2021-04-19,NULL
874,27022,0,2020-04-19,2020-05-19,NULL
875,21149,2,2020-04-19,2021-04-19,NULL
876,36992,0,2020-04-19,2020-05-19,NULL
878,3916,2,2020-04-19,2021-04-19,NULL
879,47907,2,2020-04-19,2021-04-19,NULL
880,37266,2,2020-04-19,2021-04-19,NULL
881,36056,2,2020-04-19,2021-04-19,NULL
882,7560,2,2020-04-19,2021-04-19,NULL
883,40499,2,2020-04-19,2021-04-19,NULL
884,30426,2,2020-04-19,2021-04-19,NULL
885,23661,2,2020-04-19,2021-04-19,NULL
886,2073,2,2020-04-19,2021-04-19,NULL
887,20267,2,2020-04-19,2021-04-19,NULL
888,27889,0,2020-04-19,2020-05-19,NULL
889,5877,2,2020-04-19,2021-04-19,NULL
890,20294,2,2020-04-19,2021-04-19,NULL
891,37092,2,2020-04-19,2021-04-19,NULL
892,82250,2,2020-04-19,2021-04-19,NULL
893,14286,2,2020-04-19,2021-04-19,NULL
894,26008,0,2020-04-19,2020-05-19,NULL
895,4922,2,2020-04-19,2021-04-19,NULL
896,15819,2,2020-04-19,2021-04-19,NULL
897,11910,0,2020-04-19,2020-05-19,NULL
898,25559,2,2020-04-19,2021-04-19,NULL
899,10690,2,2020-04-19,2021-04-19,NULL
900,1587,2,2020-04-19,2021-04-19,NULL
901,11178,2,2020-04-19,2021-04-19,NULL
902,9521,2,2020-04-19,2021-04-19,NULL
903,31042,2,2020-04-19,2021-04-19,NULL
904,1861,2,2020-04-19,2021-04-19,NULL
905,9108,2,2020-04-19,2021-04-19,NULL
906,11950,2,2020-04-20,2021-04-20,NULL
907,7182,2,2020-04-20,2021-04-20,NULL
908,1424,2,2020-04-20,2021-04-20,NULL
909,6901,2,2020-04-20,2021-04-20,NULL
910,1119,2,2020-04-20,2021-04-20,NULL
911,1142,2,2020-04-20,2021-04-20,NULL
912,7350,2,2020-04-20,2021-04-20,NULL
913,4575,2,2020-04-20,2021-04-20,NULL
914,1421,2,2020-04-20,2021-04-20,NULL
915,23927,2,2020-04-20,2021-04-20,NULL
916,19584,2,2020-04-20,2021-04-20,NULL
917,14429,2,2020-04-20,2021-04-20,NULL
918,32553,0,2020-04-20,2020-05-20,NULL
919,14491,2,2020-04-20,2021-04-20,NULL
920,4395,2,2020-04-20,2021-04-20,NULL
921,16468,2,2020-04-20,2021-04-20,NULL
922,9114,2,2020-04-20,2021-04-20,NULL
923,14303,0,2020-04-20,2020-05-20,NULL
924,3034,2,2020-04-20,2021-04-20,NULL
925,36043,2,2020-04-20,2021-04-20,NULL
926,1459,2,2020-04-20,2021-04-20,NULL
927,19261,0,2020-04-20,2020-05-20,NULL
928,3326,2,2020-04-20,2021-04-20,NULL
929,6728,2,2020-04-20,2021-04-20,NULL
930,10735,2,2020-04-20,2021-04-20,NULL
931,3708,2,2020-04-20,2021-04-20,NULL
932,1864,2,2020-04-20,2021-04-20,NULL
933,7037,2,2020-04-20,2021-04-20,NULL
934,36448,2,2020-04-20,2021-04-20,NULL
935,7275,2,2020-04-20,2021-04-20,NULL
936,15028,2,2020-04-20,2021-04-20,NULL
937,21697,2,2020-04-20,2021-04-20,NULL
938,11227,2,2020-04-20,2021-04-20,NULL
939,8002,2,2020-04-20,2021-04-20,NULL
940,17428,0,2020-04-20,2020-05-20,NULL
941,1848,0,2020-04-20,2020-05-20,NULL
942,1988,2,2020-04-20,2021-04-20,NULL
943,35147,2,2020-04-20,2021-04-20,NULL
944,5199,2,2020-04-20,2021-04-20,NULL
945,12704,2,2020-04-20,2021-04-20,NULL
946,22476,2,2020-04-20,2021-04-20,NULL
947,9362,2,2020-04-20,2021-04-20,NULL
948,2018,2,2020-04-20,2021-04-20,NULL
949,36271,2,2020-04-20,2021-04-20,NULL
950,13360,0,2020-04-20,2020-05-20,NULL
951,4112,2,2020-04-20,2021-04-20,NULL
952,12363,2,2020-04-20,2021-04-20,NULL
953,8121,2,2020-04-20,2021-04-20,NULL
954,36166,2,2020-04-20,2021-04-20,NULL
955,2312,2,2020-04-20,2021-04-20,NULL
956,27153,0,2020-04-20,2020-05-20,NULL
957,23313,0,2020-04-20,2020-05-20,NULL
958,13350,2,2020-04-20,2021-04-20,NULL
959,14520,2,2020-04-20,2021-04-20,NULL
960,3714,2,2020-04-20,2021-04-20,NULL
961,952,2,2020-04-20,2021-04-20,NULL
962,1552,2,2020-04-20,2021-04-20,NULL
963,7568,2,2020-04-21,2021-04-21,NULL
964,1270,2,2020-04-21,2021-04-21,NULL
965,5334,2,2020-04-21,2021-04-21,NULL
966,14633,2,2020-04-21,2021-04-21,NULL
967,1852,2,2020-04-21,2021-04-21,NULL
968,11026,2,2020-04-21,2021-04-21,NULL
969,35846,0,2020-04-21,2020-05-21,NULL
970,11750,2,2020-04-21,2021-04-21,NULL
971,28490,0,2020-04-21,2020-05-21,NULL
972,7065,2,2020-04-21,2021-04-21,NULL
973,17851,2,2020-04-21,2021-04-21,NULL
974,2945,2,2020-04-21,2021-04-21,NULL
975,2512,2,2020-04-21,2021-04-21,NULL
976,12608,2,2020-04-21,2021-04-21,NULL
977,1033,2,2020-04-21,2021-04-21,NULL
978,26051,0,2020-04-21,2020-05-21,NULL
979,25401,0,2020-04-21,2020-05-21,NULL
980,9444,0,2020-04-21,2020-05-21,NULL
981,35762,2,2020-04-21,2021-04-21,NULL
982,33658,2,2020-04-21,2021-04-21,NULL
983,20118,2,2020-04-21,2021-04-21,NULL
984,5113,2,2020-04-21,2021-04-21,NULL
985,14173,0,2020-04-21,2020-05-21,NULL
986,7656,2,2020-04-21,2021-04-21,NULL
987,7512,2,2020-04-21,2021-04-21,NULL
988,19636,2,2020-04-21,2021-04-21,NULL
989,7512,2,2020-04-21,2021-04-21,NULL
991,24487,2,2020-04-21,2021-04-21,NULL
992,3248,2,2020-04-21,2021-04-21,NULL
993,5532,2,2020-04-21,2021-04-21,NULL
994,7179,2,2020-04-21,2021-04-21,NULL
995,113546,2,2020-04-21,2021-04-21,NULL
996,17971,2,2020-04-21,2021-04-21,NULL
997,2331,2,2020-04-21,2021-04-21,NULL
998,11768,2,2020-04-21,2021-04-21,NULL
999,142371,2,2020-04-21,2021-04-21,NULL
1000,4347,2,2020-04-21,2021-04-21,NULL
1001,2257,2,2020-04-21,2021-04-21,NULL
1002,42318,2,2020-04-21,2021-04-21,NULL
1003,11133,2,2020-04-21,2021-04-21,NULL
1004,930,2,2020-04-21,2021-04-21,NULL
1005,6669,2,2020-04-21,2021-04-21,NULL
1006,4683,2,2020-04-21,2021-04-21,NULL
1007,32573,2,2020-04-21,2021-04-21,NULL
1008,16358,2,2020-04-21,2021-04-21,NULL
1009,16358,2,2020-04-21,2021-04-21,NULL
1010,5430,2,2020-04-21,2021-04-21,NULL
1012,5669,2,2020-04-21,2021-04-21,NULL
1013,389,2,2020-04-21,2021-04-21,NULL
1014,13233,0,2020-04-21,2020-05-21,NULL
1015,53078,2,2020-04-21,2021-04-21,NULL
1016,5345,2,2020-04-21,2021-04-21,NULL
1017,10398,2,2020-04-21,2021-04-21,NULL
1018,42091,2,2020-04-21,2021-04-21,NULL
1019,22364,2,2020-04-21,2021-04-21,NULL
1020,52075,2,2020-04-21,2021-04-21,NULL
1021,41263,2,2020-04-21,2021-04-21,NULL
1022,6182,2,2020-04-21,2021-04-21,NULL
1023,7614,2,2020-04-21,2021-04-21,NULL
1024,4001,2,2020-04-21,2021-04-21,NULL
1025,782,2,2020-04-21,2021-04-21,NULL
1026,14470,2,2020-04-21,2021-04-21,NULL
1027,7745,2,2020-04-21,2021-04-21,NULL
1028,4665,2,2020-04-21,2021-04-21,NULL
1030,96920,2,2020-04-21,2021-04-21,NULL
1031,18719,2,2020-04-21,2021-04-21,NULL
1032,5574,2,2020-04-21,2021-04-21,NULL
1033,3365,2,2020-04-21,2021-04-21,NULL
1034,1866,2,2020-04-21,2021-04-21,NULL
1035,16169,0,2020-04-21,2020-05-21,NULL
1036,988,2,2020-04-21,2021-04-21,NULL
1037,6887,2,2020-04-21,2021-04-21,NULL
1038,6394,2,2020-04-22,2021-04-22,NULL
1039,15167,2,2020-04-22,2021-04-22,NULL
1040,20515,2,2020-04-22,2021-04-22,NULL
1041,22217,2,2020-04-22,2021-04-22,NULL
1042,5852,2,2020-04-22,2021-04-22,NULL
1043,3664,2,2020-04-22,2021-04-22,NULL
1044,54266,2,2020-04-22,2021-04-22,NULL
1045,12191,2,2020-04-22,2021-04-22,NULL
1046,19229,2,2020-04-22,2021-04-22,NULL
1047,4633,2,2020-04-22,2021-04-22,NULL
1048,2295,2,2020-04-22,2021-04-22,NULL
1049,14965,2,2020-04-22,2021-04-22,NULL
1050,1216,2,2020-04-22,2021-04-22,NULL
1051,956,2,2020-04-22,2021-04-22,NULL
1052,1125,2,2020-04-22,2021-04-22,NULL
1053,4991,2,2020-04-22,2021-04-22,NULL
1054,22253,0,2020-04-22,2020-05-22,NULL
1055,1379,2,2020-04-22,2021-04-22,NULL
1056,12926,2,2020-04-22,2021-04-22,NULL
1057,13989,2,2020-04-22,2021-04-22,NULL
1058,34981,2,2020-04-22,2021-04-22,NULL
1059,919,2,2020-04-22,2021-04-22,NULL
1060,5058,2,2020-04-22,2021-04-22,NULL
1061,9391,0,2020-04-22,2020-05-22,NULL
1062,12207,2,2020-04-22,2021-04-22,NULL
1063,27617,0,2020-04-22,2020-05-22,NULL
1064,1052,2,2020-04-22,2021-04-22,NULL
1065,12732,2,2020-04-22,2021-04-22,NULL
1066,10732,2,2020-04-22,2021-04-22,NULL
1067,10272,2,2020-04-22,2021-04-22,NULL
1068,3682,2,2020-04-22,2021-04-22,NULL
1069,8950,2,2020-04-22,2021-04-22,NULL
1070,16359,2,2020-04-22,2021-04-22,NULL
